Country,Text,Translation,Type,Item,Scene,Region1,Region2,Region3,W1,W2,W3,W4,W5,W6,W7,W8,W9,W10,W11,W12,Region1_Surprisal,Region2_Surprisal,Region3_Surprisal
reali,La araña que persiguieron los sapos comió la mosca,The spider that the frogs chased ate the fly,fullNP_OVS,1,1,4-6,6,7,8.360271,12.02245,3.687862,13.754208,1.795722,6.391877,11.748995,3.70678,2.898259,,,,21.941807,6.391877,11.748995
reali,La araña que los sapos persiguieron comió la mosca,The spider that the frogs chased ate the fly,fullNP_OSV,1,1,4-6,6,7,8.360271,12.02245,3.687862,6.778267,6.948735,8.211789,11.108342,3.591175,3.323352,,,,21.938791,8.211789,11.108342
reali,La araña que nosotros perseguimos comió la mosca,The spider that we chased ate the fly,proNP_OSV,1,1,4-5,5,6,8.360272,12.022439,3.68786,10.030232,8.346121,15.073823,2.352599,2.599387,,,,,18.376353,8.346121,15.073823
reali,La araña que perseguimos nosotros comió la mosca,The spider that we chased ate the fly,proNP_OVS,1,1,4-5,5,6,8.360272,12.022439,3.68786,11.444062,9.627102,15.614546,2.576165,3.093517,,,,,21.071164,9.627102,15.614546
reali,El gobernador que llamaron los secretarios defraudó al embajador,The governor that the secretaries called let down the ambassador.,fullNP_OVS,2,2,4-6,6,7,8.349777,9.98291,8.418823,10.88743,4.378582,10.612064,12.640871,1.973607,10.654593,,,,25.878076,10.612064,12.640871
reali,El gobernador que los secretarios llamaron defraudó al embajador,The governor that the secretaries called let down the ambassador.,fullNP_OSV,2,2,4-6,6,7,8.349777,9.98291,8.418823,4.709462,9.921761,6.626466,15.545823,1.791474,10.893568,,,,21.257689,6.626466,15.545823
reali,El gobernador que nosotros llamamos defraudó al embajador,The governor that we called let down the ambassador,proNP_OSV,2,2,4-5,5,6,8.349783,9.982914,8.418808,8.46817,4.920733,15.357585,1.643773,10.833799,,,,,13.388903,4.920733,15.357585
reali,El gobernador que llamamos nosotros defraudó al embajador,The governor that we called let down the ambassador,proNP_OVS,2,2,4-5,5,6,8.349783,9.982914,8.418808,10.993225,9.411135,12.412105,1.695719,10.607959,,,,,20.40436,9.411135,12.412105
reali,El panadero que felicitaron los carniceros odiaba al alcalde,The baker that the butchers praised hated the mayor.,fullNP_OVS,3,3,4-6,6,7,8.349777,15.249196,5.77286,15.831998,5.648012,9.107511,17.558299,2.704497,4.57342,,,,30.587521,9.107511,17.558299
reali,El panadero que los carniceros felicitaron odiaba al alcalde,The baker that the butchers praised hated the mayor.,fullNP_OSV,3,3,4-6,6,7,8.349777,15.249196,5.77286,5.693318,11.30557,10.863095,16.497909,2.577914,4.18897,,,,27.861983,10.863095,16.497909
reali,El panadero que nosotros felicitamos odiaba al alcalde,The baker that we praised hated the mayor,proNP_OSV,3,3,4-5,5,6,8.349783,15.249202,5.772851,9.72568,12.017644,12.809437,2.538639,5.503007,,,,,21.743324,12.017644,12.809437
reali,El panadero que felicitamos nosotros odiaba al alcalde,The baker that we praised hated the mayor,proNP_OVS,3,3,4-5,5,6,8.349783,15.249202,5.772851,16.890115,8.973454,13.558773,2.416698,5.451137,,,,,25.863569,8.973454,13.558773
reali,La ardilla que asustaron los niños devoró la nuez,The squirrel that the children scared devoured the nut,fullNP_OVS,4,4,4-6,6,7,8.360271,11.446526,4.574142,15.305753,2.584638,3.090697,12.781852,3.006458,6.423074,,,,20.981088,3.090697,12.781852
reali,La ardilla que los niños asustaron devoró la nuez,The squirrel that the children scared devoured the nut,fullNP_OSV,4,4,4-6,6,7,8.360271,11.446526,4.574142,7.121367,2.726707,6.614665,14.445145,3.117836,7.1464,,,,16.462739,6.614665,14.445145
reali,La ardilla que nosotros asustamos devoró la nuez,The squirrel that we scared off devoured the nut,proNP_OSV,4,4,4-5,5,6,8.360272,11.446527,4.574143,11.458106,9.725846,13.451878,2.525258,6.576561,,,,,21.183952,9.725846,13.451878
reali,La ardilla que asustamos nosotros devoró la nuez,The squirrel that we scared off devoured the nut,proNP_OVS,4,4,4-5,5,6,8.360272,11.446527,4.574143,16.089155,9.26295,12.713684,2.57969,5.664689,,,,,25.352105,9.26295,12.713684
reali,El perro que temían las palomas mordió a la niña pequeña,The dog that the pigeons feared bit the little girl,fullNP_OVS,5,5,4-6,6,7,8.349777,10.971816,3.109354,11.85246,3.312999,6.775429,13.41614,0.880058,1.840573,3.733855,6.596643,,21.940888,6.775429,13.41614
reali,El perro que las palomas temí­an mordió a la niña pequeña,The dog that the pigeons feared bit the little girl,fullNP_OSV,5,5,4-6,6,7,8.349781,10.971822,3.109352,6.879395,7.535306,14.358515,11.722358,0.713019,2.16236,3.087836,6.262631,,28.773216,14.358515,11.722358
reali,El perro que nosotros temíamos mordió a la niña pequeña,The dog that we feared bit the little girl,proNP_OSV,5,5,4-5,5,6,8.349777,10.971816,3.109354,10.234049,8.738669,11.37726,0.676053,2.154903,2.308527,5.889622,,,18.972718,8.738669,11.37726
reali,El perro que temíamos nosotros mordió a la niña pequeña,The dog that we feared bit the little girl,proNP_OVS,5,5,4-5,5,6,8.349777,10.971816,3.109354,11.393611,10.580035,8.892931,0.605117,1.788472,2.694802,6.085814,,,21.973646,10.580035,8.892931
reali,El detective que contactaron los abogados dijo la verdad,The detective that the lawyers contacted told the truth,fullNP_OVS,6,6,4-6,6,7,8.349784,11.606337,3.540726,15.718769,2.448198,4.651832,5.257498,6.165152,2.107541,,,,22.818799,4.651832,5.257498
reali,El detective que los abogados contactaron dijo la verdad,The detective that the lawyers contacted told the truth,fullNP_OSV,6,6,4-6,6,7,8.349784,11.606337,3.540726,5.362457,7.816203,8.852785,4.614124,6.138059,1.875564,,,,22.031445,8.852785,4.614124
reali,El detective que nosotros contactamos dijo la verdad,,proNP_OSV,6,6,4-5,5,6,8.349784,11.606337,3.540726,9.625505,8.612367,5.800871,6.17634,0.84765,,,,,18.237872,8.612367,5.800871
reali,El detective que contactamos nosotros dijo la verdad,,proNP_OVS,6,6,4-5,5,6,8.349784,11.606337,3.540726,14.441444,7.408987,6.507751,6.028005,0.957417,,,,,21.850431,7.408987,6.507751
reali,El funcionario que ayudaron las recepcionistas admiraba mucho a su jefe,The employer that the receptionists helped admired his boss a lot.,fullNP_OVS,7,7,4-6,6,7,8.349777,12.264279,3.624407,13.678462,4.439383,9.804484,15.716363,4.165876,1.062844,1.632431,2.001608,,27.922329,9.804484,15.716363
reali,El funcionario que las recepcionistas ayudaron admiraba mucho a su jefe,The employer that the receptionists helped admired his boss a lot.,fullNP_OSV,7,7,4-6,6,7,8.349777,12.264279,3.624407,6.5962,10.500221,8.57876,14.479219,3.596132,0.700968,1.776893,2.221408,,25.675181,8.57876,14.479219
reali,El funcionario que nosotros ayudamos admiraba mucho a su jefe,,proNP_OSV,7,7,4-5,5,6,8.349784,12.264292,3.624398,11.492077,6.357428,13.40149,2.699579,0.865676,1.793596,2.030792,,,17.849505,6.357428,13.40149
reali,El funcionario que ayudamos nosotros admiraba mucho a su jefe,,proNP_OVS,7,7,4-5,5,6,8.349784,12.264292,3.624398,14.896642,8.933763,13.265975,2.603062,0.996038,2.765771,2.659906,,,23.830405,8.933763,13.265975
reali,El niño que encontraron los policí­as escondió la evidencia,The boy that the policemen met hid the evidence,fullNP_OVS,8,8,4-6,6,7,8.349777,8.662788,3.804385,9.215143,6.078189,12.994766,15.612442,3.259322,4.964623,,,,28.288098,12.994766,15.612442
reali,El niño que los policí­as encontraron escondió la evidencia,The boy that the policemen met hid the evidence,fullNP_OSV,8,8,4-6,6,7,8.349777,8.662788,3.804385,6.132738,19.69481,3.318134,12.138431,4.439817,5.440331,,,,29.145682,3.318134,12.138431
reali,El niño que nosotros encontramos escondió la evidencia,,proNP_OSV,8,8,4-5,5,6,8.349784,8.662793,3.804418,11.264884,6.334005,17.241157,3.700715,6.462494,,,,,17.598889,6.334005,17.241157
reali,El niño que encontramos nosotros escondió la evidencia,,proNP_OVS,8,8,4-5,5,6,8.349784,8.662793,3.804418,10.587495,8.777431,17.67959,3.620252,6.845513,,,,,19.364926,8.777431,17.67959
reali,El caballero que mencionaron los celadores olvidó traer sus llaves,The gentleman that the doormen mentioned forgot to bring his keys,fullNP_OVS,9,9,4-6,6,7,8.349777,12.97181,4.297384,14.498005,2.360186,8.847536,10.784332,6.691832,3.727977,3.811607,,,25.705727,8.847536,10.784332
reali,El caballero que los celadores mencionaron olvidó traer sus llaves,The gentleman that the doormen mentioned forgot to bring his keys,fullNP_OSV,9,9,4-6,6,7,8.349777,12.97181,4.297384,7.917937,13.21125,10.647066,11.583277,6.029593,3.130521,2.02577,,,31.776253,10.647066,11.583277
reali,El caballero que nosotros mencionamos se olvidó de traer sus llaves,,proNP_OSV,9,9,4-5,5,6,8.349777,12.97181,4.297384,12.091684,8.650578,4.470916,9.866404,0.638901,5.27535,3.157596,4.595319,,20.742262,8.650578,4.470916
reali,El caballero que mencionamos nosotros se olvidó de traer sus llaves,,proNP_OVS,9,9,4-5,5,6,8.349777,12.97181,4.297384,13.16855,9.520069,4.376225,9.376146,0.514521,4.864234,3.392682,4.308892,,22.688619,9.520069,4.376225
reali,El mesero que ofendieron los comensales detestaba al chef del restaurante,The waiter that the guests offended despised the restaurant chef,fullNP_OVS,10,10,4-6,6,7,8.349777,13.385409,4.021951,15.286461,3.410517,7.41837,20.887353,3.179322,4.647507,3.193951,0.183081,,26.115348,7.41837,20.887353
reali,El mesero que los comensales ofendieron detestaba al chef del restaurante,The waiter that the guests offended despised the restaurant chef,fullNP_OSV,10,10,4-6,6,7,8.349777,13.385409,4.021951,5.867184,8.488345,8.78328,19.086026,3.531005,6.297244,3.289124,0.206787,,23.138809,8.78328,19.086026
reali,El mesero que nosotros ofendimos detestaba al chef del restaurante,,proNP_OSV,10,10,4-5,5,6,8.349777,13.385409,4.021951,10.471222,13.866127,15.032072,3.068146,6.358959,3.45938,0.456349,,,24.337349,13.866127,15.032072
reali,El mesero que ofendimos nosotros detestaba al chef del restaurante,,proNP_OVS,10,10,4-5,5,6,8.349777,13.385409,4.021951,18.322992,9.342471,13.921522,2.74598,5.735229,3.220762,0.352701,,,27.665463,9.342471,13.921522
reali,El enfermero que buscaban los médicos trataba muy bien a los pacientes,The nurse that the doctors looked for treated the patients very nicely,fullNP_OVS,11,11,4-6,6,7,8.349777,14.068309,4.206252,10.36284,1.772322,3.926195,9.462231,7.47943,0.907815,0.246774,1.139639,0.619886,16.061357,3.926195,9.462231
reali,El enfermero que los médicos buscaban trataba muy bien a los pacientes,The nurse that the doctors looked for treated the patients very nicely,fullNP_OSV,11,11,4-6,6,7,8.349777,14.068309,4.206252,6.034446,4.543871,8.681642,10.929747,7.351394,0.712518,0.326632,1.128499,0.700992,19.259959,8.681642,10.929747
reali,El enfermero que nosotros buscábamos trataba muy bien a los pacientes,,proNP_OSV,11,11,4-5,5,6,8.349777,14.068309,4.206252,10.590351,7.613213,10.062766,6.296628,0.402948,0.527921,1.50973,0.74604,,18.203564,7.613213,10.062766
reali,El enfermero que buscábamos nosotros trataba muy bien a los pacientes,,proNP_OVS,11,11,4-5,5,6,8.349777,14.068309,4.206252,11.609787,9.996601,9.696108,6.356111,0.549991,0.489377,1.636595,0.944593,,21.606388,9.996601,9.696108
reali,El ratón que atraparon los gatos era astuto y veloz,The mouse that the cats caught was fast and clever,fullNP_OVS,12,12,4-6,6,7,8.349777,12.03091,3.730006,9.89497,2.807531,3.593214,7.556098,8.171646,1.527878,4.535867,,,16.295715,3.593214,7.556098
reali,El ratón que los gatos atraparon era astuto y veloz,The mouse that the cats caught was fast and clever,fullNP_OSV,12,12,4-6,6,7,8.349777,12.03091,3.730006,6.681789,4.519361,5.733144,7.716114,7.771941,1.376045,4.715527,,,16.934294,5.733144,7.716114
reali,El ratón que nosotros atrapamos era astuto y veloz,,proNP_OSV,12,12,4-5,5,6,8.349784,12.030926,3.730018,11.27774,8.29588,4.206791,8.647899,1.329003,4.954913,,,,19.57362,8.29588,4.206791
reali,El ratón que atrapamos nosotros era astuto y veloz,,proNP_OVS,12,12,4-5,5,6,8.349784,12.030926,3.730018,11.179209,9.020867,4.781327,8.901913,1.396632,4.887644,,,,20.200076,9.020867,4.781327
